{
    "0": {
        "precision": 0.846082530792954,
        "recall": 0.9375825558234616,
        "f1-score": 0.8894856188089271,
        "support": 47695.0
    },
    "1": {
        "precision": 0.9368570640761873,
        "recall": 0.8444699359525858,
        "f1-score": 0.8882677070345494,
        "support": 52305.0
    },
    "accuracy": 0.88888,
    "macro avg": {
        "precision": 0.8914697974345707,
        "recall": 0.8910262458880237,
        "f1-score": 0.8888766629217382,
        "support": 100000.0
    },
    "weighted avg": {
        "precision": 0.8935621504267491,
        "recall": 0.88888,
        "f1-score": 0.8888485900553389,
        "support": 100000.0
    }
}