{
    "0": {
        "precision": 0.8103448275862069,
        "recall": 0.12097812097812098,
        "f1-score": 0.21052631578947367,
        "support": 777.0
    },
    "1": {
        "precision": 0.22737556561085973,
        "recall": 0.9013452914798207,
        "f1-score": 0.36314363143631434,
        "support": 223.0
    },
    "accuracy": 0.295,
    "macro avg": {
        "precision": 0.5188601965985333,
        "recall": 0.5111617062289708,
        "f1-score": 0.286834973612894,
        "support": 1000.0
    },
    "weighted avg": {
        "precision": 0.6803426821657045,
        "recall": 0.295,
        "f1-score": 0.24455997717871913,
        "support": 1000.0
    }
}