{
    "0": {
        "precision": 0.9593817248799867,
        "recall": 0.9721144774085334,
        "f1-score": 0.965706132905658,
        "support": 47695.0
    },
    "1": {
        "precision": 0.9742607214739124,
        "recall": 0.9624701271388969,
        "f1-score": 0.9683295344162651,
        "support": 52305.0
    },
    "accuracy": 0.96707,
    "macro avg": {
        "precision": 0.9668212231769495,
        "recall": 0.9672923022737152,
        "f1-score": 0.9670178336609616,
        "support": 100000.0
    },
    "weighted avg": {
        "precision": 0.9671641840484395,
        "recall": 0.96707,
        "f1-score": 0.967078303065781,
        "support": 100000.0
    }
}