{
    "0": {
        "precision": 0.746906501908299,
        "recall": 0.9150015724918754,
        "f1-score": 0.822452979533376,
        "support": 47695.0
    },
    "1": {
        "precision": 0.9024800942965048,
        "recall": 0.7172736832042825,
        "f1-score": 0.7992884230261196,
        "support": 52305.0
    },
    "accuracy": 0.81158,
    "macro avg": {
        "precision": 0.8246932981024019,
        "recall": 0.816137627848079,
        "f1-score": 0.8108707012797478,
        "support": 100000.0
    },
    "weighted avg": {
        "precision": 0.8282792694069501,
        "recall": 0.81158,
        "f1-score": 0.8103367582522555,
        "support": 100000.0
    }
}