{
    "0": {
        "precision": 0.8649702014946552,
        "recall": 0.9585491141629101,
        "f1-score": 0.9093585280954749,
        "support": 47695.0
    },
    "1": {
        "precision": 0.958065542475342,
        "recall": 0.8635503297963866,
        "f1-score": 0.9083559577677225,
        "support": 52305.0
    },
    "accuracy": 0.90886,
    "macro avg": {
        "precision": 0.9115178719849986,
        "recall": 0.9110497219796483,
        "f1-score": 0.9088572429315986,
        "support": 100000.0
    },
    "weighted avg": {
        "precision": 0.9136637195946035,
        "recall": 0.90886,
        "f1-score": 0.9088341336855441,
        "support": 100000.0
    }
}